{
    "rmse": 7042.913543076324,
    "mae": 5249.2726336479245,
    "r2": 0.680495743930069
}