{
    "rmse": 912.4258512044426,
    "mae": 148.3891502024735,
    "r2": 0.9946375025807936
}